observation_id,source_round,x1,x2,y
initial-001,0,0.6657995800131589,0.12396912767534907,0.5389961189269181
initial-002,0,0.8777909889953304,0.7786275008473289,0.42058623962798264
initial-003,0,0.14269907423594608,0.34900513057320015,-0.06562362443733738
initial-004,0,0.8452754286767249,0.7111202665952655,0.293992912410866
initial-005,0,0.45464714105124415,0.2904551797740609,0.2149645101004509
initial-006,0,0.5777128444074784,0.7719731841154063,0.023105549798190586
initial-007,0,0.4381660616117107,0.6850182567997548,0.24461934400448035
initial-008,0,0.34174959302885033,0.028697719822277867,0.0387490151561584
initial-009,0,0.33864815688701766,0.21386724563864368,-0.013857618149729824
initial-010,0,0.7026365569244406,0.9265641975455574,0.6112052157614438
round-01,1,0.774999,0.949999,0.2834440433397594
